game_date,player_id,player_name,team_abbr,season,signal_simulated_market,signal_fair_value,forward_delta_game_score,forward_mean_game_score
2020-01-18,203081,Damian Lillard,POR,2019-20,137.3409121472995,137.51959210462798,20.22714285714286,41.42
2020-01-20,203081,Damian Lillard,POR,2019-20,140.04447224651318,140.77805379720132,18.85441860465117,40.68000000000001
2022-12-21,1629029,Luka Dončić,DAL,2022-23,146.154889146439,145.94742042485964,15.802758620689659,41.92
2020-01-17,203081,Damian Lillard,POR,2019-20,136.8653053999655,137.86573396144354,15.624878048780495,36.82000000000001
2020-01-15,203081,Damian Lillard,POR,2019-20,136.23438478021043,136.2365396458008,15.34,36.42
2025-12-20,202695,Kawhi Leonard,LAC,2025-26,126.32551339703957,127.59764987173249,15.127777777777776,35.0
2022-02-26,202681,Kyrie Irving,BKN,2021-22,128.35907084199664,127.3176147223121,14.740000000000002,32.660000000000004
2022-02-12,202681,Kyrie Irving,BKN,2021-22,128.5618380560674,129.9830481498643,14.677142857142858,31.82
2020-01-11,201566,Russell Westbrook,HOU,2019-20,123.73681295670356,123.84261925054814,14.553939393939395,30.96
2019-03-21,1626164,Devin Booker,PHX,2018-19,128.98830319668824,125.06519546487628,14.511379310344829,31.52
2020-01-23,203081,Damian Lillard,POR,2019-20,143.046386969815,143.3375859560091,14.344999999999995,36.519999999999996
2024-11-11,1628368,De'Aaron Fox,SAC,2024-25,128.2975175738263,126.61058466814362,14.23272727272727,30.859999999999996
2022-03-06,202681,Kyrie Irving,BKN,2021-22,128.33446155584312,126.79939384954189,14.232499999999998,31.919999999999998
2025-12-18,202695,Kawhi Leonard,LAC,2025-26,124.84568749209362,124.19674210097835,14.152941176470588,33.6
2019-03-18,1626164,Devin Booker,PHX,2018-19,130.21467137934727,127.5839548617443,14.057192982456144,31.080000000000002
2023-12-06,202695,Kawhi Leonard,LAC,2023-24,127.2567205477844,126.11710624208033,13.91,31.040000000000003
2023-01-22,203081,Damian Lillard,POR,2022-23,141.1309161480424,137.2326276876914,13.81941176470589,35.94000000000001
2023-01-15,202681,Kyrie Irving,BKN,2022-23,128.96695375888737,126.8099559269435,13.787499999999998,32.4
2019-01-09,201935,James Harden,HOU,2018-19,160.68694171565895,156.5248105460576,13.661081081081086,38.480000000000004
2019-11-08,203078,Bradley Beal,WAS,2019-20,132.08226039094268,126.77727859587938,13.440000000000005,29.840000000000003
2022-12-23,1629029,Luka Dončić,DAL,2022-23,147.0288112352046,149.2181502112296,13.406666666666666,39.96
2022-11-10,203954,Joel Embiid,PHI,2022-23,146.4971350855533,142.2413246898794,13.330000000000002,33.08
2024-11-09,1641705,Victor Wembanyama,SAS,2024-25,122.48798842817897,120.60227652262856,13.169999999999998,28.48
2023-01-19,202681,Kyrie Irving,BKN,2022-23,128.9228015706246,129.8563165032296,13.124848484848485,31.939999999999998
2019-01-13,201935,James Harden,HOU,2018-19,161.9949961071079,160.9304678572404,13.085641025641028,38.46
2023-01-08,203081,Damian Lillard,POR,2022-23,128.04934342441678,127.88830201115697,13.056296296296281,33.25999999999999
2021-12-21,2544,LeBron James,LAL,2021-22,138.28404866291567,138.0133077385583,13.02,33.96
2024-11-08,1628368,De'Aaron Fox,SAC,2024-25,131.51459090591084,127.48398528957358,12.988888888888887,29.4
2023-01-10,203081,Damian Lillard,POR,2022-23,128.20305194752243,128.71429291097724,12.889285714285712,33.1
2024-11-10,1628368,De'Aaron Fox,SAC,2024-25,129.69987935971292,127.24638816367396,12.870000000000001,29.459999999999997
2023-11-30,203507,Giannis Antetokounmpo,MIL,2023-24,152.95189937360777,152.04608146140552,12.755555555555556,37.0
2023-01-17,202695,Kawhi Leonard,LAC,2022-23,122.30362440376474,120.90205689073407,12.712727272727273,28.24
2022-11-11,203076,Anthony Davis,LAL,2022-23,136.24960393561258,134.36458824610992,12.709090909090907,33.1
2024-11-13,1628368,De'Aaron Fox,SAC,2024-25,128.35035356944627,128.9358081533514,12.691666666666663,30.299999999999994
2022-11-09,203076,Anthony Davis,LAL,2022-23,137.56899635135335,133.4452433781056,12.600000000000001,32.620000000000005
2026-03-28,1641705,Victor Wembanyama,SAS,2025-26,136.6183371080408,134.31206988955026,12.513220338983057,33.92
2025-02-25,201939,Stephen Curry,GSW,2024-25,126.65625375570285,123.72574273672296,12.438775510204081,30.1
2024-11-07,1641705,Victor Wembanyama,SAS,2024-25,123.86261244051126,119.62709449305684,12.355555555555554,27.1
2018-12-11,201935,James Harden,HOU,2018-19,135.36947061226485,134.20309635759952,12.32521739130435,33.96
2021-01-18,1629027,Trae Young,ATL,2020-21,125.95955010610798,127.0377220456329,12.10461538461539,29.220000000000006
2025-11-12,201935,James Harden,LAC,2025-26,134.620179725063,131.84740450673667,12.100000000000005,31.720000000000006
2019-02-08,203078,Bradley Beal,WAS,2018-19,128.77045070903281,128.9113094602341,12.00181818181818,29.9
2022-02-27,1628369,Jayson Tatum,BOS,2021-22,129.0095381018761,127.149051052451,11.783728813559325,29.860000000000003
2024-01-16,1626164,Devin Booker,PHX,2023-24,132.25609096325124,133.38341202297445,11.767096774193547,32.28
2020-01-09,201566,Russell Westbrook,HOU,2019-20,123.89134475121729,122.0844324405321,11.683125000000004,27.880000000000003
2021-12-23,2544,LeBron James,LAL,2021-22,139.42496869966115,139.97446057781025,11.681904761904757,33.019999999999996
2025-12-15,202695,Kawhi Leonard,LAC,2025-26,124.97916453987317,124.12235373844194,11.671249999999997,31.139999999999997
2020-01-12,202695,Kawhi Leonard,LAC,2019-20,131.74892354124825,133.31040192571652,11.643333333333342,31.100000000000005
2019-02-13,1626157,Karl-Anthony Towns,MIN,2018-19,137.3236417290738,134.55937905366306,11.618245614035086,31.319999999999993
2026-03-23,1641705,Victor Wembanyama,SAS,2025-26,137.26552746822298,134.4537917807912,11.61087719298246,32.96
2026-01-19,203954,Joel Embiid,PHI,2025-26,125.5461405833673,126.1839244651578,11.570434782608707,29.44000000000001
2020-01-31,203999,Nikola Jokić,DEN,2019-20,129.96968028015175,127.22437343688676,11.544081632653068,29.440000000000005
2023-01-15,203081,Damian Lillard,POR,2022-23,136.16243417422513,137.65390053601078,11.534838709677427,33.28000000000001
2019-01-07,201935,James Harden,HOU,2018-19,161.2834321317485,156.7693140857588,11.508333333333336,36.300000000000004
2020-01-15,201566,Russell Westbrook,HOU,2019-20,125.60584488625275,128.03076075517922,11.46294117647059,28.26
2021-01-06,203897,Zach LaVine,CHI,2020-21,125.2335672358815,122.06529006788212,11.431111111111115,26.820000000000004
2020-01-18,201566,Russell Westbrook,HOU,2019-20,128.03888510213858,130.66202984072726,11.411428571428573,28.520000000000003
2026-01-16,203954,Joel Embiid,PHI,2025-26,124.17117409099484,123.7258644028882,11.407272727272737,28.880000000000006
2024-04-02,1628973,Jalen Brunson,NYK,2023-24,132.7832974911899,129.6935262447353,11.388571428571431,31.839999999999996
2022-12-19,1629029,Luka Dončić,DAL,2022-23,147.20070728912805,144.3050104912053,11.333571428571432,37.480000000000004
2021-03-20,1628368,De'Aaron Fox,SAC,2020-21,126.3364019642157,121.82428969597164,11.162926829268294,28.28
2021-12-19,2544,LeBron James,LAL,2021-22,137.5603025443691,136.01375966742708,11.08421052631579,31.6
2022-03-03,1628368,De'Aaron Fox,SAC,2021-22,123.97343442846565,124.70459799670432,11.053584905660381,26.080000000000002
2019-03-23,1626164,Devin Booker,PHX,2018-19,129.39744234670871,127.930891651337,10.99796610169491,28.119999999999997
2020-02-21,203078,Bradley Beal,WAS,2019-20,134.5762072158671,127.90232355822177,10.992340425531914,31.22
2020-01-23,203078,Bradley Beal,WAS,2019-20,124.58505112875694,129.7407724198147,10.991351351351355,30.440000000000005
2020-01-28,203999,Nikola Jokić,DEN,2019-20,129.26410418388267,128.4294869314306,10.96765957446809,28.840000000000003
2023-01-20,202695,Kawhi Leonard,LAC,2022-23,125.90074033773213,128.26710671035374,10.96434782608696,27.360000000000003
2023-01-25,203507,Giannis Antetokounmpo,MIL,2022-23,138.4130858159393,138.45818256432358,10.95297297297298,34.18000000000001
2018-11-21,201142,Kevin Durant,GSW,2018-19,134.67253842504152,135.03459997512877,10.919999999999991,32.71999999999999
2023-12-02,203507,Giannis Antetokounmpo,MIL,2023-24,154.63644100773698,153.80885659898743,10.868421052631579,35.5
2025-12-23,202695,Kawhi Leonard,LAC,2025-26,129.3467449326846,131.75131687017898,10.862105263157893,31.520000000000003
2023-01-23,203081,Damian Lillard,POR,2022-23,142.14282433089787,139.11948748634308,10.848571428571432,33.32000000000001
2021-03-12,201566,Russell Westbrook,WAS,2020-21,124.00436391606516,123.99142743712017,10.804827586206898,26.46
2021-01-28,201939,Stephen Curry,GSW,2020-21,124.63894478560962,123.84541202024394,10.791578947368414,31.059999999999995
2021-11-07,201939,Stephen Curry,GSW,2021-22,141.54394422266068,137.19639441101464,10.764444444444447,30.120000000000005
2021-01-30,201939,Stephen Curry,GSW,2020-21,124.6401223930257,124.53800178147868,10.739999999999995,31.119999999999997
2023-02-06,203081,Damian Lillard,POR,2022-23,147.62306752927378,141.67176068366803,10.691904761904766,34.68000000000001
2021-04-04,201939,Stephen Curry,GSW,2020-21,127.88285708966049,128.55392931002257,10.64952380952381,33.14
2019-02-06,203078,Bradley Beal,WAS,2018-19,128.52430859185137,127.30182129505413,10.628518518518518,28.46
2025-02-23,1630169,Tyrese Haliburton,IND,2024-25,123.57119562271163,127.8586230568386,10.614444444444437,28.119999999999994
2026-01-14,203954,Joel Embiid,PHI,2025-26,123.64511756698309,120.95415634312924,10.559047619047629,27.640000000000008
2021-04-26,201566,Russell Westbrook,WAS,2020-21,128.77238203595897,127.08952520213649,10.481481481481481,28.4
2018-12-14,202331,Paul George,OKC,2018-19,130.57874830163792,131.7744882548737,10.440000000000005,29.140000000000004
2019-02-09,203078,Bradley Beal,WAS,2018-19,130.04726403255066,131.4981442573377,10.43535714285715,28.480000000000008
2018-11-23,201142,Kevin Durant,GSW,2018-19,135.76249289347615,139.45513917053577,10.420000000000005,32.480000000000004
2018-12-12,202331,Paul George,OKC,2018-19,128.42137996390622,130.9858185740658,10.404615384615383,29.02
2021-12-15,203081,Damian Lillard,POR,2021-22,124.23295783719061,123.03110392753813,10.38869565217392,26.180000000000007
2022-01-15,203999,Nikola Jokić,DEN,2021-22,147.15674282723265,146.44720550280783,10.341111111111111,34.480000000000004
2023-01-06,203081,Damian Lillard,POR,2022-23,128.12372706826613,125.64585935660848,10.271538461538462,30.360000000000003
2024-01-22,1626164,Devin Booker,PHX,2023-24,136.03599884280268,134.09374062268162,10.265882352941176,31.160000000000004
2023-01-19,203081,Damian Lillard,POR,2022-23,140.75607655777944,138.28038960957394,10.256363636363634,32.42
2025-01-27,1630162,Anthony Edwards,MIN,2024-25,129.64609044443088,126.87203640496458,10.217391304347824,28.0
2024-01-17,1629029,Luka Dončić,DAL,2023-24,158.81359868552315,158.31946138999697,10.211428571428563,37.459999999999994
2021-01-16,1629027,Trae Young,ATL,2020-21,127.15859500531346,125.6622592910424,10.186666666666664,26.919999999999998
2021-11-12,203081,Damian Lillard,POR,2021-22,124.49365731722708,124.80408526117404,10.169230769230769,24.1
2025-04-04,201935,James Harden,LAC,2024-25,124.31163724842038,120.5069659192114,10.124594594594598,28.080000000000002
2021-12-10,201935,James Harden,BKN,2021-22,132.82533051896928,131.57206272799684,10.07076923076923,28.04
2024-11-06,1641705,Victor Wembanyama,SAS,2024-25,126.06343977919039,122.22229841005488,10.0625,25.3
2024-01-24,201939,Stephen Curry,GSW,2023-24,126.04580942179007,129.5779173428407,10.061578947368425,28.98
