player_id,player_name,position,position_group,birth_date
2544,LeBron James,Forward,F,1984-12-30
101108,Chris Paul,Guard,G,1985-05-06
200768,Kyle Lowry,Guard,G,1986-03-25
201142,Kevin Durant,Forward,F,1988-09-29
201143,Al Horford,Center-Forward,F,1986-06-03
201144,Mike Conley,Guard,G,1987-10-11
201145,Jeff Green,Forward,F,1986-08-28
201566,Russell Westbrook,Guard,G,1988-11-12
201567,Kevin Love,Forward-Center,F,1988-09-07
201569,Eric Gordon,Guard,G,1988-12-25
201572,Brook Lopez,Center,C,1988-04-01
201587,Nicolas Batum,Guard-Forward,G,1988-12-14
201599,DeAndre Jordan,Center,C,1988-07-21
201935,James Harden,Guard,G,1989-08-26
201939,Stephen Curry,Guard,G,1988-03-14
201942,DeMar DeRozan,Guard-Forward,G,1989-08-07
201950,Jrue Holiday,Guard,G,1990-06-12
202066,Garrett Temple,Guard-Forward,G,1986-05-08
202331,Paul George,Forward,F,1990-05-02
202681,Kyrie Irving,Guard,G,1992-03-23
202685,Jonas Valančiūnas,Center,C,1992-05-06
202687,Bismack Biyombo,Center,C,1992-08-28
202691,Klay Thompson,Guard,G,1990-02-08
202695,Kawhi Leonard,Forward,F,1991-06-29
202696,Nikola Vučević,Center,C,1990-10-24
202699,Tobias Harris,Forward,F,1992-07-15
202710,Jimmy Butler III,Forward,F,1989-09-14
203076,Anthony Davis,Forward-Center,F,1993-03-11
203078,Bradley Beal,Guard,G,1993-06-28
203081,Damian Lillard,Guard,G,1990-07-15
203083,Andre Drummond,Center,C,1993-08-10
203084,Harrison Barnes,Forward,F,1992-05-30
203110,Draymond Green,Forward,F,1990-03-04
203114,Khris Middleton,Forward,F,1991-08-12
203468,CJ McCollum,Guard,G,1991-09-19
203471,Dennis Schröder,Guard,G,1993-09-15
203482,Kelly Olynyk,Forward-Center,F,1991-04-19
203484,Kentavious Caldwell-Pope,Guard,G,1993-02-18
203486,Mason Plumlee,Forward-Center,F,1990-03-05
203497,Rudy Gobert,Center,C,1992-06-26
203500,Steven Adams,Center,C,1993-07-20
203501,Tim Hardaway Jr.,Guard-Forward,G,1992-03-16
203507,Giannis Antetokounmpo,Forward,F,1994-12-06
203648,Thanasis Antetokounmpo,Forward,F,1992-07-18
203897,Zach LaVine,Guard,G,1995-03-10
203903,Jordan Clarkson,Guard,G,1992-06-07
203914,Gary Harris,Guard,G,1994-09-14
203924,Jerami Grant,Forward,F,1994-03-12
203926,Doug McDermott,Forward,F,1992-01-03
203932,Aaron Gordon,Forward,F,1995-09-16
203935,Marcus Smart,Guard,G,1994-03-06
203937,Kyle Anderson,Forward-Guard,G,1993-09-20
203939,Dwight Powell,Forward-Center,F,1991-07-20
203944,Julius Randle,Forward-Center,F,1994-11-29
203952,Andrew Wiggins,Forward,F,1995-02-23
203954,Joel Embiid,Center-Forward,F,1994-03-16
203957,Danté Exum,Guard,G,1995-07-13
203967,Dario Šarić,Forward-Center,F,1994-04-08
203991,Clint Capela,Center,C,1994-05-18
203992,Bogdan Bogdanović,Guard,G,1992-08-18
203994,Jusuf Nurkić,Center,C,1994-08-23
203999,Nikola Jokić,Center,C,1995-02-19
204001,Kristaps Porziņģis,Forward-Center,F,1995-08-02
204060,Joe Ingles,Forward-Guard,G,1987-10-02
204456,T.J. McConnell,Guard,G,1992-03-25
1626145,Tyus Jones,Guard,G,1996-05-10
1626156,D'Angelo Russell,Guard,G,1996-02-23
1626157,Karl-Anthony Towns,Center-Forward,F,1995-11-15
1626162,Kelly Oubre Jr.,Forward-Guard,G,1995-12-09
1626164,Devin Booker,Guard,G,1996-10-30
1626167,Myles Turner,Center-Forward,F,1996-03-24
1626171,Bobby Portis,Forward,F,1995-02-10
1626172,Kevon Looney,Forward,F,1996-02-06
1626179,Terry Rozier,Guard,G,1994-03-17
1626181,Norman Powell,Guard,G,1993-05-25
1626192,Pat Connaughton,Guard,G,1993-01-06
1626204,Larry Nance Jr.,Forward-Center,F,1993-01-01
1626220,Royce O'Neale,Forward,F,1993-06-05
1627734,Domantas Sabonis,Forward-Center,F,1996-05-03
1627739,Kris Dunn,Guard,G,1994-03-18
1627741,Buddy Hield,Guard,G,1992-12-17
1627742,Brandon Ingram,Forward,F,1997-09-02
1627747,Caris LeVert,Guard,G,1994-08-25
1627749,Dejounte Murray,Guard,G,1996-09-19
1627750,Jamal Murray,Guard,G,1997-02-23
1627751,Jakob Poeltl,Center,C,1995-10-15
1627752,Taurean Prince,Forward,F,1994-03-22
1627759,Jaylen Brown,Guard-Forward,G,1996-10-24
1627777,Georges Niang,Forward,F,1993-06-17
1627780,Gary Payton II,Guard,G,1992-12-01
1627783,Pascal Siakam,Forward,F,1994-04-02
1627824,Guerschon Yabusele,Forward,F,1995-12-17
1627826,Ivica Zubac,Center,C,1997-03-18
1627827,Dorian Finney-Smith,Forward,F,1993-05-04
1627832,Fred VanVleet,Guard,G,1994-02-25
1627884,Derrick Jones Jr.,Forward,F,1997-02-15
1627936,Alex Caruso,Guard,G,1994-02-28
1628366,Lonzo Ball,Guard,G,1997-10-27
1628368,De'Aaron Fox,Guard,G,1997-12-20
1628369,Jayson Tatum,Forward-Guard,G,1998-03-03
1628370,Malik Monk,Guard,G,1998-02-04
1628371,Jonathan Isaac,Forward,F,1997-10-03
1628374,Lauri Markkanen,Forward-Center,F,1997-05-22
1628378,Donovan Mitchell,Guard,G,1996-09-07
1628379,Luke Kennard,Guard,G,1996-06-24
1628380,Zach Collins,Forward-Center,F,1997-11-19
1628381,John Collins,Forward-Center,F,1997-09-23
1628384,OG Anunoby,Forward-Guard,G,1997-07-17
1628386,Jarrett Allen,Center,C,1998-04-21
1628389,Bam Adebayo,Center-Forward,F,1997-07-18
1628392,Isaiah Hartenstein,Center-Forward,F,1998-05-05
1628396,Tony Bradley,Center-Forward,F,1998-01-08
1628398,Kyle Kuzma,Forward,F,1995-07-24
1628401,Derrick White,Guard,G,1994-07-02
1628404,Josh Hart,Guard,G,1995-03-06
1628415,Dillon Brooks,Guard-Forward,G,1996-01-22
1628418,Thomas Bryant,Center-Forward,F,1997-07-31
1628420,Monté Morris,Guard,G,1995-06-27
1628436,Luke Kornet,Center-Forward,F,1995-07-15
1628449,Chris Boucher,Forward,F,1993-01-11
1628467,Maxi Kleber,Forward,F,1992-01-29
1628502,Nigel Hayes-Davis,Forward,F,1994-12-16
1628960,Grayson Allen,Guard,G,1995-10-08
1628963,Marvin Bagley III,Forward,F,1999-03-14
1628969,Mikal Bridges,Guard-Forward,G,1996-08-30
1628970,Miles Bridges,Forward,F,1998-03-21
1628971,Bruce Brown,Guard-Forward,G,1996-08-15
1628973,Jalen Brunson,Guard,G,1996-08-31
1628975,Jevon Carter,Guard,G,1995-09-14
1628976,Wendell Carter Jr.,Center-Forward,F,1999-04-16
1628978,Donte DiVincenzo,Guard,G,1997-01-31
1628983,Shai Gilgeous-Alexander,Guard,G,1998-07-12
1628988,Aaron Holiday,Guard,G,1996-09-30
1628989,Kevin Huerter,Guard-Forward,G,1998-08-27
1628991,Jaren Jackson Jr.,Forward-Center,F,1999-09-15
1628997,Caleb Martin,Forward,F,1995-09-28
1628998,Cody Martin,Forward,F,1995-09-28
1629001,De'Anthony Melton,Guard,G,1998-05-28
1629004,Svi Mykhailiuk,Guard-Forward,G,1997-06-10
1629006,Josh Okogie,Guard,G,1998-09-01
1629008,Michael Porter Jr.,Forward,F,1998-06-29
1629011,Mitchell Robinson,Center-Forward,F,1998-04-01
1629012,Collin Sexton,Guard,G,1999-01-04
1629013,Landry Shamet,Guard,G,1997-03-13
1629014,Anfernee Simons,Guard,G,1999-06-08
1629018,Gary Trent Jr.,Guard,G,1999-01-18
1629020,Jarred Vanderbilt,Forward,F,1999-04-03
1629021,Moritz Wagner,Forward-Center,F,1997-04-26
1629023,P.J. Washington,Forward,F,1998-08-23
1629026,Kenrich Williams,Guard-Forward,G,1994-12-02
1629027,Trae Young,Guard,G,1998-09-19
1629028,Deandre Ayton,Center,C,1998-07-23
1629029,Luka Dončić,Forward-Guard,G,1999-02-28
1629048,Goga Bitadze,Center-Forward,F,1999-07-20
1629057,Robert Williams III,Center-Forward,F,1997-10-17
1629060,Rui Hachimura,Forward,F,1998-02-08
1629111,Jock Landale,Center,C,1995-10-25
1629130,Duncan Robinson,Forward,F,1994-04-22
1629162,Jordan McLaughlin,Guard,G,1996-04-09
1629216,Gabe Vincent,Guard,G,1996-06-14
1629234,Drew Eubanks,Forward-Center,F,1997-02-01
1629312,Haywood Highsmith,Forward,F,1996-12-09
1629599,Amir Coffey,Guard-Forward,G,1997-06-17
1629611,Terance Mann,Guard-Forward,G,1996-10-18
1629614,Andrew Nembhard,Guard-Forward,G,2000-01-16
1629618,Jalen Pickett,Guard,G,1999-10-22
1629622,Max Strus,Guard-Forward,G,1996-03-28
1629627,Zion Williamson,Forward,F,2000-07-06
1629628,RJ Barrett,Forward-Guard,G,2000-06-14
1629630,Ja Morant,Guard,G,1999-08-10
1629631,De'Andre Hunter,Forward-Guard,G,1997-12-02
1629632,Coby White,Guard,G,2000-02-16
1629634,Brandon Clarke,Forward,F,1996-09-19
1629636,Darius Garland,Guard,G,2000-01-26
1629637,Jaxson Hayes,Center-Forward,F,2000-05-23
1629638,Nickeil Alexander-Walker,Guard,G,1998-09-02
1629639,Tyler Herro,Guard,G,2000-01-20
1629640,Keldon Johnson,Forward-Guard,G,1999-10-11
1629645,Kevin Porter Jr.,Guard-Forward,G,2000-05-04
1629646,Charles Bassey,Center-Forward,F,2000-10-28
1629651,Nic Claxton,Center,C,1999-04-17
1629652,Luguentz Dort,Guard,G,1999-04-19
1629655,Daniel Gafford,Forward-Center,F,1998-10-01
1629656,Quentin Grimes,Guard,G,2000-05-08
1629660,Ty Jerome,Guard-Forward,G,1997-07-08
1629661,Cameron Johnson,Forward,F,1996-03-03
1629673,Jordan Poole,Guard,G,1999-06-19
1629674,Neemias Queta,Center,C,1999-07-13
1629675,Naz Reid,Center-Forward,F,1999-08-26
1629680,Matisse Thybulle,Guard-Forward,G,1997-03-04
1629684,Grant Williams,Forward,F,1998-11-30
1629723,John Konchar,Guard,G,1996-03-22
1629731,Dean Wade,Forward-Center,F,1996-11-20
1629750,Javonte Green,Guard,G,1993-07-23
1630162,Anthony Edwards,Guard,G,2001-08-05
1630163,LaMelo Ball,Guard,G,2001-08-22
1630164,James Wiseman,Center,C,2001-03-31
1630166,Deni Avdija,Forward,F,2001-01-03
1630167,Obi Toppin,Forward,F,1998-03-04
1630168,Onyeka Okongwu,Forward-Center,F,2000-12-11
1630169,Tyrese Haliburton,Guard,G,2000-02-29
1630170,Devin Vassell,Guard-Forward,G,2000-08-23
1630171,Isaac Okoro,Forward-Guard,G,2001-01-26
1630172,Patrick Williams,Forward,F,2001-08-26
1630173,Precious Achiuwa,Forward,F,1999-09-19
1630174,Aaron Nesmith,Guard-Forward,G,1999-10-16
1630175,Cole Anthony,Guard,G,2000-05-15
1630178,Tyrese Maxey,Guard,G,2000-11-04
1630180,Saddiq Bey,Guard-Forward,G,1999-04-09
1630182,Josh Green,Guard,G,2000-11-16
1630183,Jaden McDaniels,Forward,F,2000-09-29
1630188,Jalen Smith,Forward-Center,F,2000-03-16
1630191,Isaiah Stewart,Forward-Center,F,2001-05-22
1630192,Zeke Nnaji,Forward-Center,F,2001-01-09
1630193,Immanuel Quickley,Guard,G,1999-06-17
1630194,Paul Reed,Forward,F,1999-06-14
1630198,Isaiah Joe,Guard,G,1999-07-02
1630200,Tre Jones,Guard,G,2000-01-08
1630202,Payton Pritchard,Guard,G,1998-01-28
1630208,Nick Richards,Center,C,1997-11-29
1630214,Xavier Tillman,Forward,F,1999-01-12
1630217,Desmond Bane,Guard,G,1998-06-25
1630224,Jalen Green,Guard,G,2002-02-09
1630228,Jonathan Kuminga,Forward,F,2002-10-06
1630230,Naji Marshall,Forward,F,1998-01-24
1630241,Sam Merrill,Guard,G,1996-05-15
1630245,Ayo Dosunmu,Guard,G,2000-01-17
1630249,Vít Krejčí,Guard,G,2000-06-19
1630256,Jae'Sean Tate,Forward,F,1995-10-28
1630264,Anthony Gill,Forward,F,1992-10-17
1630284,Kevon Harris,Guard,G,1997-06-24
1630311,Pat Spencer,Guard,G,1996-07-04
1630314,Brandon Williams,Guard,G,1999-11-22
1630322,Lindy Waters III,Forward,F,1997-07-28
1630526,Jeremiah Robinson-Earl,Forward,F,2000-11-03
1630529,Herbert Jones,Forward,F,1998-10-06
1630530,Trey Murphy III,Forward,F,2000-06-18
1630532,Franz Wagner,Forward,F,2001-08-27
1630533,Ziaire Williams,Forward,F,2001-09-12
1630534,Ochai Agbaji,Guard,G,2000-04-20
1630536,Sharife Cooper,Guard,G,2001-06-11
1630538,Bones Hyland,Guard,G,2000-09-14
1630540,Miles McBride,Guard,G,2000-09-08
1630541,Moses Moody,Guard,G,2002-05-31
1630543,Isaiah Jackson,Forward,F,2002-01-10
1630544,Tre Mann,Guard,G,2001-02-03
1630545,Terrence Shannon Jr.,Guard-Forward,G,2000-07-30
1630548,Johnny Juzang,Guard,G,2001-03-17
1630549,Day'Ron Sharpe,Center,C,2001-11-06
1630551,Justin Champagnie,Guard-Forward,G,2001-06-29
1630552,Jalen Johnson,Forward,F,2001-12-18
1630557,Corey Kispert,Forward,F,1999-03-03
1630558,Davion Mitchell,Guard,G,1998-09-05
1630559,Austin Reaves,Guard,G,1998-05-29
1630560,Cam Thomas,Guard,G,2001-10-13
1630567,Scottie Barnes,Forward-Guard,G,2001-08-01
1630568,Luka Garza,Center,C,1998-12-27
1630570,Trendon Watford,Guard-Forward,G,2000-11-09
1630572,Sandro Mamukelashvili,Forward-Center,F,1999-05-23
1630573,Sam Hauser,Forward,F,1997-12-08
1630574,Ariel Hukporti,Center,C,2002-04-12
1630577,Julian Champagnie,Forward,F,2001-06-29
1630578,Alperen Sengun,Center,C,2002-07-25
1630579,Jericho Sims,Center,C,1998-10-20
1630581,Josh Giddey,Guard,G,2002-10-10
1630583,Santi Aldama,Forward-Center,F,2001-01-10
1630587,Isaiah Livers,Forward,F,1998-07-28
1630590,Scotty Pippen Jr.,Guard,G,2000-11-10
1630591,Jalen Suggs,Guard,G,2001-06-03
1630592,Jalen Wilson,Forward,F,2000-11-04
1630595,Cade Cunningham,Guard,G,2001-09-25
1630596,Evan Mobley,Center,C,2001-06-18
1630598,Aaron Wiggins,Guard,G,1999-01-02
1630604,E.J. Liddell,Forward,F,2000-12-18
1630611,Gui Santos,Forward,F,2002-06-22
1630619,Moussa Cisse,Center,C,2002-09-10
1630621,Hunter Dickinson,Center,C,2000-11-25
1630623,Tyson Etienne,Guard,G,1999-09-17
1630631,Jose Alvarado,Guard,G,1998-04-12
1630639,A.J. Lawson,Guard,G,2000-07-15
1630643,Jay Huff,Center,C,1997-08-25
1630644,Mac McClung,Guard,G,1999-01-06
1630658,Colin Castleton,Center,C,2000-05-25
1630692,Jordan Goodwin,Guard,G,1998-10-23
1630696,Dru Smith,Guard,G,1997-12-30
1630700,Dyson Daniels,Guard,G,2003-03-17
1630702,Jaden Hardy,Guard,G,2002-07-05
1630703,Scoot Henderson,Guard,G,2004-02-03
1630811,Keaton Wallace,Guard,G,1999-02-26
1630828,Alex Antetokounmpo,Forward,F,2001-08-27
1631093,Jaden Ivey,Guard,G,2002-02-13
1631094,Paolo Banchero,Forward,F,2002-11-12
1631095,Jabari Smith Jr.,Forward,F,2003-05-13
1631096,Chet Holmgren,Center-Forward,F,2002-05-01
1631097,Bennedict Mathurin,Guard-Forward,G,2002-06-19
1631099,Keegan Murray,Forward,F,2000-08-19
1631101,Shaedon Sharpe,Guard,G,2003-05-30
1631103,Malaki Branham,Forward,F,2003-05-12
1631104,Blake Wesley,Guard,G,2003-03-16
1631105,Jalen Duren,Center,C,2003-11-18
1631106,Tari Eason,Forward,F,2001-05-10
1631107,Nikola Jović,Forward,F,2003-06-09
1631108,Max Christie,Guard,G,2003-02-10
1631109,Mark Williams,Center,C,2001-12-16
1631110,Jeremy Sochan,Forward,F,2003-05-20
1631111,Wendell Moore Jr.,Guard,G,2001-09-18
1631114,Jalen Williams,Guard-Forward,G,2001-04-14
1631115,Orlando Robinson,Center,C,2000-07-10
1631117,Walker Kessler,Center,C,2001-07-26
1631119,Jaylin Williams,Forward,F,2002-06-29
1631120,JD Davison,Guard,G,2002-10-03
1631121,Bryce McGowens,Guard,G,2002-11-08
1631124,Julian Strawther,Guard,G,2002-04-18
1631126,Caleb Love,Guard,G,2001-09-27
1631127,Harrison Ingram,Forward,F,2002-11-27
1631128,Christian Braun,Guard,G,2001-04-17
1631131,Oscar Tshiebwe,Forward-Center,F,1999-11-27
1631132,Christian Koloko,Center,C,2000-06-20
1631133,Jabari Walker,Forward,F,2002-07-30
1631157,Ryan Rollins,Guard,G,2002-07-03
1631159,Leonard Miller,Forward,F,2003-11-26
1631165,Keon Ellis,Guard,G,2000-01-08
1631169,Josh Minott,Forward,F,2002-11-25
1631170,Jaime Jaquez Jr.,Guard,G,2001-02-18
1631172,Ousmane Dieng,Forward,F,2003-05-21
1631199,Ron Harper Jr.,Guard-Forward,G,2000-04-12
1631200,Kris Murray,Forward,F,2000-08-19
1631204,Marcus Sasser,Guard,G,2000-09-21
1631207,Dalen Terry,Forward,F,2002-07-12
1631210,Jacob Toppin,Forward,F,2000-05-08
1631212,Peyton Watson,Guard,G,2002-09-11
1631213,Tyrese Martin,Forward,F,1999-03-07
1631216,Caleb Houstan,Guard,G,2003-01-09
1631217,Moussa Diabaté,Forward,F,2002-01-21
1631218,Trayce Jackson-Davis,Forward,F,2000-02-22
1631221,Collin Gillespie,Guard,G,1999-06-25
1631222,Jake LaRavia,Forward,F,2001-11-03
1631230,Dominick Barlow,Forward,F,2003-05-26
1631243,Mouhamed Gueye,Forward,F,2002-11-09
1631245,Quenton Jackson,Guard,G,1998-09-15
1631246,Vince Williams Jr.,Guard,G,2000-08-30
1631247,Luke Travers,Forward,F,2001-09-03
1631248,Baylor Scheierman,Guard,G,2000-09-26
1631250,Pete Nance,Forward,F,2000-02-19
1631255,Karlo Matković,Forward-Center,F,2001-03-30
1631260,AJ Green,Guard,G,1999-09-27
1631288,Jamal Cain,Forward,F,1999-03-20
1631321,Sidy Cissoko,Guard,G,2004-04-02
1631323,Simone Fontecchio,Forward,F,1995-12-09
1631342,Daeqwon Plowden,Guard-Forward,G,1998-08-29
1631451,Javonte Cooke,Guard,G,1999-07-11
1641705,Victor Wembanyama,Forward-Center,F,2004-01-04
1641706,Brandon Miller,Forward,F,2002-11-22
1641707,Taylor Hendricks,Forward,F,2003-11-22
1641708,Amen Thompson,Guard-Forward,G,2003-01-30
1641709,Ausar Thompson,Guard-Forward,G,2003-01-30
1641710,Anthony Black,Guard,G,2004-01-20
1641711,Gradey Dick,Guard-Forward,G,2003-11-20
1641712,Rayan Rupert,Guard-Forward,G,2004-05-31
1641713,GG Jackson,Forward,F,2004-12-17
1641715,Cam Whitmore,Forward,F,2004-07-08
1641716,Jarace Walker,Forward,F,2003-09-04
1641717,Cason Wallace,Guard,G,2003-11-07
1641718,Keyonte George,Guard,G,2003-11-08
1641722,Jordan Hawkins,Guard,G,2002-04-29
1641724,Jett Howard,Guard,G,2003-09-14
1641725,Trey Alexander,Guard,G,2003-05-02
1641726,Dereck Lively II,Center,C,2004-02-12
1641729,Brice Sensabaugh,Forward,F,2003-10-30
1641730,Noah Clowney,Forward-Center,F,2004-07-14
1641731,Bilal Coulibaly,Guard,G,2004-07-26
1641732,Colby Jones,Guard,G,2002-05-28
1641733,Nick Smith Jr.,Guard,G,2004-04-18
1641737,Adem Bona,Forward,F,2003-03-28
1641738,Kobe Brown,Forward,F,2000-01-01
1641739,Toumani Camara,Forward,F,2000-05-08
1641740,Jaylen Clark,Guard,G,2001-10-13
1641744,Zach Edey,Center,C,2002-05-14
1641747,DaRon Holmes II,Forward,F,2002-08-15
1641748,Andre Jackson Jr.,Guard,G,2001-11-13
1641750,Ryan Kalkbrenner,Center,C,2002-01-17
1641752,Bobi Klintman,Forward,F,2003-03-06
1641753,Chris Livingston,Forward,F,2003-10-15
1641755,Kevin McCullar Jr.,Guard,G,2001-03-15
1641757,Jordan Miller,Guard,G,2000-01-23
1641763,Julian Phillips,Forward,F,2003-11-05
1641764,Brandin Podziemski,Guard,G,2003-02-25
1641765,Olivier-Maxence Prosper,Forward,F,2002-07-03
1641767,Ben Sheppard,Guard,G,2001-07-16
1641772,Nae'Qwan Tomlin,Forward,F,2000-12-19
1641774,Tristan Vukcevic,Forward,F,2003-03-11
1641775,Jordan Walsh,Guard,G,2004-03-03
1641780,Johni Broome,Forward,F,2002-07-19
1641783,Tristan da Silva,Forward,F,2001-05-15
1641787,Tosan Evbuomwan,Forward,F,2001-02-16
1641790,PJ Hall,Center,C,2002-02-21
1641796,Pelle Larsson,Guard,G,2001-02-23
1641801,Emanuel Miller,Forward,F,2000-06-19
1641809,Drew Peterson,Forward,F,1999-11-09
1641810,Antonio Reeves,Guard,G,2000-11-20
1641813,Mark Sears,Guard,G,2002-02-19
1641815,Isaiah Stevens,Guard,G,2000-11-01
1641816,Hunter Tyson,Forward,F,2000-06-13
1641824,Matas Buzelis,Forward,F,2004-10-13
1641842,Ronald Holland II,Forward,F,2005-07-07
1641854,Craig Porter Jr.,Guard,G,2000-02-26
1641871,Duop Reath,Center,C,1996-06-26
1641989,Elijah Harkless,Guard,G,2000-02-03
1641998,Trey Jemison III,Center,C,1999-11-28
1642050,Jackson Rowe,Forward,F,1997-01-04
1642066,Myron Gardner,Forward,F,2001-05-21
1642258,Zaccharie Risacher,Forward,F,2005-04-08
1642259,Alex Sarr,Center,C,2005-04-26
1642260,Nikola Topić,Guard,G,2005-08-10
1642261,Dalton Knecht,Forward,F,2001-04-19
1642262,Cody Williams,Forward,F,2004-11-20
1642263,Reed Sheppard,Guard,G,2004-06-24
1642264,Stephon Castle,Guard,G,2004-11-01
1642265,Rob Dillingham,Guard,G,2005-01-04
1642266,Ja'Kobe Walter,Guard,G,2004-09-04
1642267,Bub Carrington,Guard,G,2005-07-21
1642268,Isaiah Collier,Guard,G,2004-10-08
1642269,Devin Carter,Guard,G,2002-03-18
1642270,Donovan Clingan,Center,C,2004-02-23
1642271,Kyle Filipowski,Center,C,2003-11-07
1642272,Jared McCain,Guard,G,2004-02-20
1642273,Kyshawn George,Forward,F,2003-12-12
1642274,Yves Missi,Center,C,2004-05-14
1642275,Tidjane Salaün,Forward,F,2005-08-10
1642276,Kel'el Ware,Center,C,2004-04-20
1642277,Johnny Furphy,Guard,G,2004-12-08
1642278,Tyler Kolek,Guard,G,2001-03-27
1642280,Trentyn Flowers,Forward,F,2005-03-08
1642281,Jaylon Tyson,Guard-Forward,G,2002-12-02
1642282,Hunter Sallis,Guard,G,2003-03-26
1642285,Cam Spencer,Guard,G,2000-04-06
1642345,Oso Ighodaro,Forward,F,2002-07-14
1642346,Ryan Dunn,Forward,F,2003-01-07
1642347,Jamal Shead,Guard,G,2002-07-24
1642348,Justin Edwards,Forward,F,2003-12-16
1642349,Ajay Mitchell,Guard,G,2002-06-25
1642352,Keshad Johnson,Forward,F,2001-06-23
1642353,Cam Christie,Guard,G,2005-07-24
1642354,KJ Simpson,Guard,G,2002-08-08
1642355,Bronny James,Guard,G,2004-10-06
1642357,David Jones Garcia,Guard,G,2001-11-24
1642358,AJ Johnson,Guard,G,2004-12-01
1642359,Pacôme Dadiet,Forward,F,2005-07-27
1642363,Nique Clifford,Guard,G,2002-02-09
1642364,Jamir Watkins,Forward,F,2001-07-06
1642365,Nikola Đurišić,,,2004-02-23
1642366,Quinten Post,Center,C,2000-03-21
1642367,Jonathan Mogbo,Forward,F,2001-10-29
1642368,N'Faly Dante,Center,C,2001-10-19
1642377,Jaylen Wells,Forward,F,2003-08-26
1642382,Branden Carlson,Center,C,1999-06-14
1642383,Walter Clayton Jr.,Guard,G,2003-03-06
1642384,Isaiah Crawford,Forward,F,2001-11-01
1642402,Enrique Freeman,Forward,F,2000-07-29
1642403,Isaac Jones,Forward,F,2000-07-11
1642404,Chaz Lanier,Guard,G,2001-12-19
1642419,Jamison Battle,Forward,F,2001-05-10
1642434,Riley Minix,Forward,F,2000-09-22
1642443,Jahmir Young,Guard,G,2000-10-07
1642449,Tolu Smith,Forward,F,2000-07-26
1642450,Daniss Jenkins,Guard,G,2001-08-17
1642461,Spencer Jones,Forward,F,2001-06-14
1642484,RayJ Dennis,Guard,G,2001-03-30
1642843,Cooper Flagg,Forward,F,2006-12-21
1642844,Dylan Harper,Guard,G,2006-03-02
1642845,VJ Edgecombe,Guard,G,2005-07-30
1642846,Ace Bailey,Forward,F,2006-08-13
1642847,Jeremiah Fears,Guard,G,2006-10-14
1642848,Tre Johnson,Guard,G,2006-03-07
1642849,Nolan Traore,Guard,G,2006-05-28
1642850,Thomas Sorber,Center,C,2005-12-25
1642851,Kon Knueppel,Guard-Forward,G,2005-08-03
1642852,Derik Queen,Center,C,2004-12-27
1642853,Rasheer Fleming,Forward,F,2004-07-10
1642854,Asa Newell,Forward,F,2005-10-05
1642855,Noa Essengue,Forward,F,2006-12-18
1642856,Egor Dëmin,Guard,G,2006-03-03
1642857,Kasparas Jakučionis,Guard,G,2006-05-29
1642859,Jase Richardson,Guard,G,2005-10-16
1642860,Will Riley,Forward,F,2006-02-10
1642862,Liam McNeeley,Forward,F,2005-10-10
1642863,Khaman Maluach,Center,C,2006-09-14
1642864,Hugo González,Guard,G,2006-02-05
1642866,Joan Beringer,Forward,F,2006-11-11
1642867,Collin Murray-Boyles,Forward,F,2005-06-10
1642868,Carter Bryant,Forward,F,2005-11-26
1642869,Noah Penda,Guard-Forward,G,2005-01-07
1642873,Amari Williams,Forward-Center,F,2002-01-28
1642874,Danny Wolf,Forward,F,2004-05-05
1642875,Maxime Raynaud,Center,C,2003-04-07
1642876,Adou Thiero,Guard,G,2004-05-08
1642877,Micah Peavy,Guard-Forward,G,2001-07-16
1642878,Tyrese Proctor,Guard,G,2004-04-01
1642879,Ben Saraf,Guard,G,2006-04-14
1642880,Kam Jones,Guard,G,2002-02-25
1642883,Sion James,Guard,G,2002-12-04
1642884,Vladislav Goldin,Center,C,2001-05-12
1642885,Mohamed Diawara,Forward,F,2005-04-29
1642886,Koby Brea,Guard,G,2002-11-06
1642893,Alex Toohey,,,2004-05-05
1642905,Yang Hansen,Center,C,2005-06-26
1642907,Cedric Coward,Guard,G,2003-09-11
1642910,John Tonje,Guard,G,2001-04-23
1642911,Rocco Zikarsky,Center,C,2006-07-11
1642914,Javon Small,Guard,G,2002-12-19
1642917,Max Shulga,Guard,G,2002-06-25
1642918,Alijah Martin,Guard,G,2001-12-26
1642920,Kobe Sanders,Guard,G,2002-05-30
1642926,Tamar Bates,,,2003-02-21
1642928,Dylan Cardwell,Center,C,2001-12-16
1642935,Chucky Hepburn,Guard,G,2003-02-09
1642938,Curtis Jones,Guard,G,2001-10-04
1642939,Miles Kelly,Guard,G,2003-01-26
1642947,Eli John Ndiaye,,,2004-06-26
1642948,Ryan Nembhard,Guard,G,2003-03-10
1642949,Yanic Konan Niederhäuser,Center,C,2003-03-14
1642950,Lachlan Olbrich,Center,C,2003-12-30
1642954,Will Richard,Guard,G,2002-12-24
1642959,Chris Youngblood,Guard,G,2002-02-09
1642962,Drake Powell,Guard-Forward,G,2005-09-08
1642964,Brooks Barnhizer,Guard,G,2002-03-02
1643007,Taelon Peter,Guard,G,2002-02-27
1643024,Chris Mañon,Guard,G,2001-12-09
1643047,CJ Huntley,Forward,F,2002-01-06
1643141,Jahmyl Telfort,Guard,G,2001-04-30
